MJD,m,dm,uJy,duJy,SNR,F,RA,Dec,x,y,maj,min,phi,apfit,mag5sig,Sky,Obs
57304.37435,7.443,0.127,3827244,484489,7.89954777,c,7.43476,-9.76051,4835.77,9777.71,4.4,3.78,-68.2,-0.428,19.46,21.37,02a57304o0262c
57304.39883,7.21,0.053,4743762,252214,18.8084801,c,7.42904,-9.76228,4816.66,9787.77,4.37,3.74,-69.6,-0.426,19.47,21.4,02a57304o0296c
57308.36661,6,0.01,14450846,137714,104.93374675,c,6.56447,-10.02071,3163.25,10302.53,4.99,4.13,-61.9,-0.385,19.35,21.35,02a57308o0260c
57308.39458,6.784,0.015,7021913,107230,65.484593863,c,6.55828,-10.02233,3138.59,10314.46,4.87,4.06,-60.7,-0.385,19.4,21.4,02a57308o0302c
57308.39619,8.751,0.152,1147362,174942,6.558527969,c,6.55792,-10.02242,7474.54,10012.41,4.58,4.09,-78.9,-0.404,19.38,21.38,02a57308o0304c
57329.32007,7.063,0.067,5428389,361811,15.003382981,o,3.21197,-10.37637,4129.74,9334.78,4.37,3.36,-71.3,-0.49,18.81,20.46,02a57329o0194o
57329.34645,5.477,0.044,23407394,1018868,22.973922038,o,3.20916,-10.37575,4131.32,9336.61,4.44,3.48,-71.6,-0.503,18.93,20.77,02a57329o0235o
57333.32278,8.362,0.033,1641737,54860,29.925938753,c,2.87492,-10.25401,4775.64,9576.09,3.92,3.81,39,-0.391,19.37,21.14,02a57333o0212c
57333.34906,7.92,0.064,2465741,157548,15.650728666,c,2.87284,-10.25302,4775.83,9580.72,3.79,3.64,31,-0.405,19.38,21.12,02a57333o0250c
57351.34155,7.22,0.141,4698259,660132,7.117150812,o,2.70558,-9.0591,5240.83,2231.88,4.11,3.8,-11.3,-0.409,18.09,18.76,02a57351o0083o
57351.35065,8.276,0.28,1776734,497315,3.572653147,o,2.70597,-9.05826,5240.49,2234.07,4.16,3.91,-17.1,-0.402,17.66,18.28,02a57351o0097o
57354.30078,7.541,0.131,3495523,456715,7.653619872,o,2.88091,-8.77673,4910.12,2771.36,4.01,3.68,-24.1,-0.455,17.92,18.69,02a57354o0204o
57356.32446,9.092,0.281,837817,235018,3.564905666,o,3.03099,-8.57177,4619.94,3171.26,4.2,3.86,-27,-0.39,18.97,20.54,02a57356o0156o
57356.33267,8.94,0.176,963939,169439,5.689003122,o,3.03159,-8.57092,4620.13,3172.68,4.09,3.76,-26.4,-0.403,18.88,20.34,02a57356o0169o
57356.34092,8.41,0.044,1569871,68588,22.888420714,o,3.0322,-8.57006,4620.16,3175.23,4.08,3.74,-24.3,-0.403,18.83,20.24,02a57356o0182o
57357.3021,8.239,0.167,1837961,306299,6.000545218,o,3.11242,-8.46947,4759.72,3074.51,3.81,3.57,-29.2,-0.425,19.29,20.99,02a57357o0205o
57358.27981,7.671,0.084,3102383,261327,11.871651226,o,3.19948,-8.36501,4589.28,3275.15,4.17,3.94,-38.4,-0.443,19.11,20.87,02a57358o0181o
57358.29574,4.56,0.044,54436556,2377903,22.892673082,o,3.20083,-8.36329,4874.23,3861.42,3.9,3.69,-42.8,-0.451,19.14,20.8,02a57358o0207o
57358.31224,7.53,0.066,3531358,233147,15.14648698,o,3.20223,-8.3615,4013.93,2699.33,4.29,3.73,-26.1,-0.44,19.12,20.77,02a57358o0234o
57359.28748,6.875,0.02,6455005,129667,49.78140159,o,3.29472,-8.25526,4409.26,3488.95,3.97,3.74,-43.4,-0.441,19.06,20.73,02a57359o0056o
57359.30321,8.3,0.079,1738199,137372,12.653226276,o,3.29615,-8.25353,4693.51,4073.71,4.02,3.79,-58.9,-0.45,19.09,20.8,02a57359o0082o
57359.31957,8.074,0.221,2139127,473293,4.51966752,o,3.29763,-8.25172,3830.7,2911.99,4.28,3.79,-30.5,-0.441,19.11,20.78,02a57359o0109o
57359.33536,6.841,0.01,6663778,67688,98.4484399,o,3.29908,-8.24997,3536.96,4657.1,4.04,3.69,-53.2,-0.431,19.11,20.78,02a57359o0135o
57374.24215,9.189,0.158,766509,121472,6.310170244,c,5.35123,-6.40104,606.75,6837.17,3.95,2.89,37.2,-0.425,17.51,18.75,02a57374o0091c
57382.25945,9.671,0.172,491414,84400,5.822440758,o,6.89218,-5.26461,7203.45,9299.19,4.11,3.93,82.6,-0.418,18.31,19.39,02a57382o0039o
57382.27508,8.996,0.101,915324,92094,9.939018828,o,6.89536,-5.26231,7508.5,9893.78,3.81,3.76,62.7,-0.433,18.36,19.34,02a57382o0062o
57382.2922,8.77,0.08,1127233,89822,12.549631493,o,6.89884,-5.2598,6611.91,8721.92,4.06,3.8,-89.6,-0.44,18.24,19.27,02a57382o0087o
57399.24099,9.677,0.065,488984,32006,15.277885396,c,10.96271,-2.63024,6413.54,4687.6,3.9,3.8,-88.7,-0.474,19.33,21.16,02a57399o0085c
57422.24082,9.131,0.041,808681,33464,24.165700454,c,17.81988,1.22892,7428.05,2128.07,4.21,4.03,9.3,-0.456,19.08,20.77,02a57422o0079c
57445.27584,9.012,0.071,901761,64412,13.999891324,o,25.79344,5.1823,8291.86,681.24,4.79,3.84,13.1,-0.53,18.42,19.62,02a57445o0152o
57689.62817,8.88,0.24,1018959,244339,4.170267538,c,123.77938,19.09941,8149.22,2359.15,3.83,3.48,-85.7,-0.414,19.49,21.19,02a57689o0790c
57689.64466,8.637,0.116,1274094,147541,8.63552504,c,123.78289,19.09912,8176.92,2400.14,3.82,3.44,-83.1,-0.413,19.25,20.69,02a57689o0814c
57693.63251,9.545,0.083,552166,45983,12.008046451,c,124.61719,19.0357,7488.63,1696.04,3.95,3.78,-87.1,-0.386,19.14,20.9,02a57693o0774c
57697.60371,8.119,0.053,2053217,109807,18.698416312,c,125.36813,18.9925,9633.83,3838.65,3.97,3.51,-85.5,-0.417,19.62,21.51,02a57697o0534c
57697.61915,8.118,0.045,2054106,91856,22.362240898,c,125.37078,18.99238,9651.99,3880.69,3.95,3.43,-84.8,-0.421,19.64,21.5,02a57697o0558c
57697.63554,8.03,0.068,2229407,152687,14.601157924,c,125.3736,18.99225,9605.37,3808.49,3.96,3.47,-84.7,-0.424,19.62,21.47,02a57697o0582c
57705.53247,7.071,0.103,5389798,555981,9.694212572,o,126.60989,18.97604,880.59,3827.98,3.69,3.55,-69.2,-0.437,18.57,19.41,02a57705o0637o
57705.54709,7.326,0.065,4262960,275944,15.448641753,o,126.61175,18.97613,902.82,3870.61,3.62,3.48,-74.5,-0.445,18.61,19.45,02a57705o0657o
57705.56284,7.252,0.097,4561904,441252,10.338545774,o,126.61376,18.97621,850.79,3795.86,3.61,3.44,-83.8,-0.443,18.67,19.51,02a57705o0680o
57705.57885,7.216,0.052,4716263,245540,19.207717683,o,126.61579,18.9763,836.05,3913.32,3.69,3.54,-88.5,-0.438,18.67,19.55,02a57705o0703o
57705.59507,5.932,0.03,15394785,463831,33.190504731,o,126.61784,18.97639,873.33,3858.23,3.63,3.5,-83,-0.441,18.72,19.62,02a57705o0724o
57737.47206,6.779,0.241,7054994,1700844,4.147937141,o,127.38891,20.17401,4522.89,1415.39,3.62,3.52,-63.3,-0.448,18.15,18.64,02a57737o0524o
57745.51448,8.309,0.151,1723614,261029,6.603151373,c,126.37972,20.8267,4167,8781.05,3.81,3.63,11.5,-0.45,19.7,21.72,02a57745o0605c
57745.52927,7.982,0.046,2328245,107248,21.708982918,c,126.37728,20.82802,6405.52,1747.87,3.84,3.76,-81.3,-0.39,19.66,21.59,02a57745o0631c
57745.54073,8.545,0.086,1386902,119092,11.645635307,c,126.37538,20.82903,6429.61,1636.72,4.44,3.93,-0.2,-0.379,19.53,21.52,02a57745o0649c
57745.56621,8.091,0.038,2107448,80721,26.107803421,c,126.37118,20.83128,6399.86,1700.24,4.43,4.09,-0.9,-0.38,19.47,21.44,02a57745o0691c
57753.48272,6.68,0.118,7726067,913284,8.45965439,c,124.92042,21.58212,3891.44,6530.98,3.69,3.63,72.1,-0.399,18.33,20.23,02a57753o0427c
57753.49552,8.332,0.25,1686759,421382,4.002921339,c,124.91762,21.5834,6596.8,3875.38,3.76,3.56,85.8,-0.38,18.53,20.41,02a57753o0450c
57753.50962,7.866,0.115,2592145,297048,8.726350623,c,124.91453,21.58481,6653.92,3954.3,3.74,3.54,84.4,-0.383,18.05,19.91,02a57753o0476c
57753.5199,7.446,0.042,3814679,161127,23.674983087,c,124.91228,21.58583,6678.7,3844.36,3.73,3.51,88,-0.39,18.97,20.84,02a57753o0493c
57753.53084,7.984,0.185,2324378,429353,5.413675926,c,124.90988,21.58692,6645.98,3902.97,3.73,3.53,86.7,-0.391,18.53,20.35,02a57753o0513c
57757.46882,6.779,0.041,7050766,288723,24.420520706,c,124.04199,21.98741,9540.85,5684.99,3.79,3.27,-85.2,-0.426,19.71,21.61,02a57757o0503c
57758.37005,7.089,0.047,5300012,247877,21.381620723,c,123.83259,22.08047,10074.77,5330.46,4.11,3.63,81.8,-0.43,19.25,20.83,02a57758o0332c
57758.38787,6.907,0.044,6267315,273104,22.948455533,c,123.82825,22.08235,9756.94,6788.48,3.98,3.4,89,-0.421,19.36,20.96,02a57758o0365c
57761.44334,6.307,0.28,10892041,3047360,3.574254764,o,123.08684,22.40096,9279.59,3702.95,3.73,3.22,-89.5,-0.442,18.92,20.05,02a57761o0435o
57769.4975,5.875,0.205,16213740,3325849,4.87506799,o,120.98023,23.23916,6679.52,6698.5,3.63,3.59,-22.9,-0.436,18.78,19.91,02a57769o0472o
57777.44698,7.581,0.161,3368801,543215,6.201597894,c,118.81512,24.02069,7523.75,7190.69,3.87,3.53,85.3,-0.41,19.68,21.65,02a57777o0478c
57781.44241,8.005,0.096,2280509,218628,10.431001518,c,117.75107,24.38086,9764.96,8212.31,3.92,3.51,-83.8,-0.422,19.72,21.74,02a57781o0403c
57789.37023,7.907,0.102,2495928,253465,9.8472294,o,115.80156,25.0093,4684.39,1905.05,4.37,4.32,-17.8,-0.352,18.78,20.25,02a57789o0299o
57797.39849,4.128,0.01,81065781,802518,101.014283791,o,114.17177,25.51453,3984.51,9202.89,3.84,3.71,-30.2,-0.631,18.57,19.92,01a57797o0357o
57797.40853,7.119,0.161,5158170,832672,6.194720129,o,114.16992,25.51503,9073.55,1894.91,3.74,3.34,89.1,-0.458,18.74,19.72,02a57797o0253o
57797.42004,4.164,0.01,78413266,786548,99.692918931,o,114.16777,25.51567,3923.59,9122.65,3.77,3.64,-22.1,-0.63,18.57,19.88,01a57797o0394o
57797.42602,4.339,0.009,66760940,576948,115.713963823,o,114.16666,25.51598,3905.1,9241.2,3.75,3.66,-28.7,-0.648,18.57,19.87,01a57797o0405o
57801.35745,3.074,0.019,214021802,4156296,51.493397486,o,113.53124,25.71375,671.61,9983.45,4.07,3.98,-82.6,-0.585,18.87,20.74,01a57801o0229o
57801.3696,3.211,0.043,188561756,8148472,23.140750314,o,113.52934,25.71431,687.51,10022.31,4.02,3.84,-82.5,-0.609,18.87,20.75,01a57801o0251o
57801.37347,5.168,0.057,31092666,1784029,17.428341131,o,113.52873,25.71448,366.5,150.67,4.7,4.45,-86.2,-0.505,18.87,20.76,01a57801o0258o
57803.35051,3.75,0.017,114846794,2009258,57.158808873,o,113.25373,25.80175,1212.46,7290.47,4.58,4.34,-88.4,-0.504,18.79,20.85,01a57803o0120o
57803.36236,3.301,0.014,173577194,2404960,72.174669848,o,113.25206,25.80224,1228.25,7329.37,4.48,4.32,85.5,-0.513,18.82,20.86,01a57803o0142o
57803.37454,3.648,0.013,126172711,1652577,76.349066336,o,113.25034,25.80274,1170.26,7251.18,4.55,4.35,-81.4,-0.512,18.81,20.89,01a57803o0162o
57803.38649,3.167,0.012,196461391,2313681,84.912911935,o,113.24866,25.80323,1133.83,7366.77,4.48,4.23,-83.9,-0.509,18.83,20.87,01a57803o0181o
57805.33878,2.76,0.054,285855485,15333970,18.641974974,o,113.00828,25.8815,2588.9,7718.46,4.08,3.89,-58.5,-0.576,18.83,20.65,01a57805o0232o
57805.35314,2.293,0.121,439340318,53150462,8.265973642,o,113.00649,25.88203,2605.48,7757.04,4.06,3.94,-71.6,-0.57,18.79,20.62,01a57805o0258o
57805.36636,2.535,0.017,351519168,6082249,57.794274453,o,113.00484,25.88253,2550.02,7679.21,4.04,3.91,-65.2,-0.563,18.8,20.59,01a57805o0280o
57805.3873,8.344,0.092,1669156,153593,10.8673963,c,113.00225,25.88327,8713.73,3617.45,4.04,3.76,85.2,-0.386,19.58,21.56,02a57805o0321c
57805.40715,8.38,0.052,1614618,83467,19.344387602,c,112.9998,25.88399,8773.22,3699.17,4.15,3.88,85,-0.384,19.56,21.52,02a57805o0355c
57805.41352,8.381,0.094,1613304,151864,10.623347205,c,112.99901,25.88422,8793.84,3581.4,3.93,3.71,78.7,-0.394,19.6,21.55,02a57805o0367c
57805.43706,8.89,0.125,1009509,126210,7.998645115,c,112.99612,25.88507,8764.32,3640.62,4.01,3.73,81.3,-0.393,19.53,21.51,02a57805o0407c
57807.33794,3.421,0.006,155400001,891584,174.296534033,o,112.79371,25.95373,110.95,7963.22,4.47,4.16,85.1,-0.481,18.84,20.74,01a57807o0173o
57807.3504,3.806,0.004,109033692,483934,225.306946815,o,112.79236,25.95415,127.13,8001.81,4.62,4.31,88.1,-0.476,18.81,20.79,01a57807o0195o
57809.32521,3.39,0.01,159953430,1562933,102.34183423,o,112.61327,26.01782,2451.6,6538.7,4.09,3.93,-71.9,-0.563,18.59,20.48,01a57809o0207o
57809.36787,4.536,0.012,55665884,666881,83.471989755,o,112.60936,26.01908,2397.31,6616.12,4.17,3.97,-72.9,-0.555,17.32,19.12,01a57809o0279o
57809.37666,7.985,0.139,2322479,323585,7.177338257,c,112.60858,26.0193,9685.66,1640.81,3.9,3.6,79.5,-0.446,17.62,19.33,02a57809o0298c
57817.27826,6.117,0.052,12973124,679145,19.102141663,o,112.22385,26.20112,9450.72,6763.82,3.54,3.44,79.8,-0.475,18.67,20.22,01a57817o0112o
57817.29226,6.507,0.075,9059680,678582,13.350899375,o,112.2235,26.20135,9469.51,6801.94,3.65,3.51,73.5,-0.472,18.65,20.24,01a57817o0138o
57817.3071,6.591,0.165,8388966,1384564,6.05892252,o,112.22314,26.20158,9397.77,6723.89,3.68,3.57,63.3,-0.467,18.62,20.26,01a57817o0165o
57817.322,5.876,0.032,16202258,515675,31.419514228,o,112.22278,26.20181,9382.69,6841.83,3.7,3.63,-70.6,-0.463,18.67,20.36,01a57817o0191o
57819.24573,5.404,0.045,25015917,1136086,22.019386736,o,112.2098,26.22941,2623.05,3811.57,3.87,3.39,-76.5,-0.484,17.7,18.42,01a57819o0088o
57819.2718,5.784,0.04,17634922,696623,25.314871889,o,112.20959,26.22976,2665.43,3842.52,4.18,3.58,-74.3,-0.482,17.66,18.32,01a57819o0137o
57819.28948,5.8,0.021,17370117,358795,48.412371967,o,112.20945,26.22999,2677.96,3720.94,4.32,3.75,-75.9,-0.447,17.58,18.25,01a57819o0169o
57827.27436,6.438,0.228,9654437,2200754,4.386876952,o,112.47701,26.28074,9643.28,2764.67,3.89,3.68,23.1,-0.426,19.01,20.78,01a57827o0111o
57827.28588,6.628,0.153,8103366,1240664,6.531475081,o,112.47766,26.28074,979.1,7830.03,3.78,3.44,67,-0.48,18.85,20.41,01a57827o0134o
57827.30249,6.358,0.128,10395687,1331802,7.805730131,o,112.4786,26.28073,909.39,7753.18,3.77,3.38,81.2,-0.477,18.74,20.23,01a57827o0165o
57827.31792,5.705,0.007,18963714,127014,149.304123954,o,112.47948,26.28072,894.5,7872.23,4.19,3.71,78.2,-0.464,18.63,20.15,01a57827o0191o
57829.27685,6.12,0.059,12945434,764039,16.943420427,o,112.6224,26.27823,621.78,8321.18,4.01,3.46,73.5,-0.474,19.02,20.9,01a57829o0110o
57829.29165,5.692,0.011,19201312,207189,92.675344733,o,112.62346,26.27818,553.2,8244.52,4.24,3.66,74.3,-0.47,19.03,20.93,01a57829o0137o
57829.30646,5.572,0.009,21443563,189400,113.218389651,o,112.62453,26.27813,538.5,8361.4,3.94,3.58,78.7,-0.477,19.05,20.92,01a57829o0164o
57829.32384,5.922,0.151,15524448,2337546,6.641344384,o,112.62581,26.27804,10246.18,1494.26,3.83,3.41,74.2,-0.489,18.64,20.11,02a57829o0199o
57829.32635,6.97,0.03,5914138,178429,33.145609738,o,112.62599,26.27803,410.47,1431.58,3.96,3.88,-40.2,-0.411,18.6,20.06,02a57829o0203o
57829.33835,7.911,0.218,2485554,541336,4.591518022,o,112.62686,26.27798,482.69,1507.37,3.87,3.64,-83.2,-0.432,18.62,20.01,02a57829o0225o
57829.35477,5.447,0.267,24052455,6423815,3.744263338,o,112.62807,26.2779,10284.4,1535.17,3.79,3.38,72.4,-0.476,18.48,19.71,02a57829o0254o
57829.36101,7.521,0.113,3561436,402448,8.849431479,o,112.62853,26.27787,10304.94,1415.09,4.16,3.75,23.4,-0.459,18.34,19.6,02a57829o0266o
57829.36149,8.212,0.194,1885342,365334,5.160598247,o,112.62857,26.27787,467.52,1444.78,3.83,3.6,-88.7,-0.435,18.41,19.51,02a57829o0267o
57831.22958,6.406,0.056,9942426,553867,17.950926847,o,112.79366,26.27014,1475.46,2174.3,3.84,3.16,-88.6,-0.511,18.74,20.28,01a57831o0023o
57831.25483,6.787,0.091,7001479,634810,11.029251272,o,112.79584,26.27,9076.06,8292.63,3.85,3.33,68.5,-0.469,19.04,20.73,01a57831o0069o
57831.26917,8.326,0.211,1697319,358282,4.737382843,o,112.79708,26.26992,9065.94,8410.98,3.96,3.5,67.8,-0.458,19,20.73,01a57831o0096o
57833.36989,8.283,0.051,1764811,89953,19.619256722,c,113.01211,26.25482,9154.08,1100.99,3.8,3.53,-89.9,-0.429,18.95,20.65,02a57833o0272c
57833.37834,6.859,0.005,6551944,34349,190.746280823,c,113.01299,26.25473,9118.43,1157.98,3.81,3.56,-88.6,-0.426,18.92,20.64,02a57833o0287c
57835.28112,6.608,0.071,8257547,582910,14.16607538,o,113.23662,26.23596,924.11,8370.64,3.89,3.61,60.9,-0.458,18.85,20.63,01a57835o0034o
57836.23244,7.646,0.029,3173522,92056,34.473820283,o,113.35805,26.2246,7774.69,2722.62,4.46,3.94,33.6,-0.428,18.67,20.49,01a57836o0017o
57839.22833,7.143,0.033,5043767,166548,30.284164324,o,113.77993,26.18064,8771.68,4138,3.78,3.36,33.7,-0.452,18.73,20.15,01a57839o0016o
57840.22744,7.822,0.033,2698890,90244,29.906586587,o,113.93405,26.16325,7110.7,1635.63,4.35,3.67,32,-0.428,18.57,19.83,01a57840o0014o
57840.22797,7.877,0.03,2566296,78205,32.814986254,o,113.93413,26.16324,7092.93,1596.64,4.31,3.64,30.3,-0.434,18.64,19.94,01a57840o0015o
57840.23666,6.047,0.259,13844850,3585706,3.861122467,o,113.93543,26.16308,3449.77,8870.03,3.1,3.04,61.3,-0.506,19.05,20.74,01a57840o0031o
57840.2564,6.293,0.183,11033599,2014508,5.477068842,o,113.93839,26.16272,3442.64,8987.27,3.34,3.22,52.1,-0.489,19.05,20.81,01a57840o0068o
57843.22257,7.049,0.081,5500444,448256,12.27076492,o,114.43502,26.10305,5305.98,2185.36,3.7,3.33,23.3,-0.492,17.74,18.2,01a57843o0018o
57843.22993,6.917,0.022,6210108,134429,46.196192785,o,114.43627,26.10289,5317.74,2223.33,3.62,3.35,22.9,-0.489,18.69,20.06,01a57843o0029o
57843.23711,6.098,0.217,13203170,2860369,4.615897459,o,114.43748,26.10273,5235.56,8272.06,3.07,2.99,19.9,-0.507,18.99,20.62,01a57843o0042o
57844.22476,7.442,0.024,3831764,93528,40.969164314,o,114.61531,26.08023,4945.45,3285.85,4.41,4.17,28.5,-0.471,17.86,18.89,01a57844o0007o
57844.2308,6.906,0.061,6275951,382926,16.389461671,o,114.61637,26.08009,4959.04,3323.76,3.87,3.62,18.6,-0.498,18.65,20.19,01a57844o0017o
57844.24942,6.435,0.099,9683993,961371,10.073107052,o,114.61963,26.07964,5576.73,7284.41,3.12,3.01,34.6,-0.501,19,20.69,01a57844o0052o
57864.32717,6.65,0.015,7942944,116659,68.086851421,o,119.39116,25.3437,2236.92,9676.2,4.3,4.05,62,-0.438,18.14,19.63,01a57864o0206o
57868.32757,6.756,0.024,7205603,172131,41.861158071,o,120.56701,25.13358,4970.16,8683.24,3.7,3.56,-17.7,-0.466,18.05,19.5,01a57868o0234o
57868.34131,6.574,0.012,8522542,103091,82.670087592,o,120.57111,25.13279,4904.65,8608.15,3.86,3.59,-11.7,-0.454,18.06,19.49,01a57868o0261o
57877.24056,6.918,0.235,6206074,1461307,4.246933738,o,123.40378,24.58867,664.21,9415.13,2.99,2.79,-83.4,-0.433,18.58,19.1,02a57877o0020o
57901.26165,7.118,0.194,5159729,1002560,5.146553822,c,132.17503,22.58734,3719.05,5667.2,2.85,2.8,89,-0.479,19.25,20.71,02a57901o0048c
57901.27173,6.9,0.078,6310047,491534,12.837457836,c,132.17895,22.58632,3728.57,5547.76,3.06,2.99,-71.9,-0.482,19.21,20.74,02a57901o0067c
58104.64963,7.7,0.052,3020191,155874,19.375848441,o,224.86004,-11.47565,5905.74,3276.38,4.24,3.74,-86.4,-0.436,18.28,19.56,01a58104o0360o
58104.65794,8.693,0.119,1210408,143910,8.410867903,o,224.8641,-11.47679,5872.55,3225.33,4.1,3.7,-85.6,-0.37,17.95,19.07,01a58104o0377o
58112.63789,8.227,0.112,1858590,207290,8.966134401,o,228.77763,-12.51167,7988.43,1144.75,4.54,3.87,85.8,-0.405,18.4,19.86,01a58112o0940o
58116.64168,7.786,0.052,2790171,144812,19.267539982,o,230.73702,-12.99517,6889.25,846.93,4,3.18,87.9,-0.43,18.65,20.01,01a58116o0921o
58116.64954,8.448,0.287,1515801,434398,3.489429048,o,230.74085,-12.99611,6855.26,794.71,3.93,3.17,88.1,-0.422,18.64,20,01a58116o0938o
58116.65758,7.852,0.064,2624720,169025,15.528590445,o,230.74475,-12.99706,6897.54,857.6,3.97,3.27,89.4,-0.425,18.55,19.87,01a58116o0955o
58116.66617,7.774,0.127,2821631,358956,7.860659802,o,230.74892,-12.99808,6898.58,722.2,3.8,3.1,89.8,-0.434,17.9,18.7,01a58116o0972o
58124.62078,8.168,0.043,1962770,84508,23.22584844,o,234.62745,-13.88484,5668.63,8531.22,4.86,3.76,-82.9,-0.361,18.11,19.18,01a58124o0893o
58128.62831,8.269,0.013,1788332,23209,77.053384462,o,236.57099,-14.29374,1384.63,9023.32,4.71,3.81,-84.4,-0.327,18.46,19.86,01a58128o0797o
58128.63676,8.546,0.028,1385785,38545,35.952393306,o,236.57505,-14.29458,1357.91,8971.79,4.61,3.92,-84,-0.327,18.46,19.9,01a58128o0814o
58128.64533,8.773,0.021,1124518,23778,47.292371099,o,236.57917,-14.29544,1397.94,9032.9,4.68,4.13,-82.7,-0.315,18.46,19.94,01a58128o0831o
58128.65413,8.209,0.02,1889533,37003,51.064319109,o,236.58339,-14.29632,1399.02,8895.85,4.57,3.78,-84.8,-0.34,18.53,19.96,01a58128o0848o
58219.58423,6.743,0.244,7290348,1777426,4.10163236,o,271.98018,-17.49399,5475.4,8599.88,3.88,3.17,-85.1,-0.405,18.83,20.5,01a58219o0285o
58223.58226,7.307,0.1,4338314,433927,9.997796864,o,272.75099,-17.49478,4763.89,8834.68,3.47,3.35,-41.5,-0.407,18.73,20.32,01a58223o0572o
58260.59744,5.139,0.199,31937231,6344815,5.033595305,o,273.99886,-18.14563,2553.5,9629.64,4.23,3.59,88.6,-0.444,18.57,20.53,01a58260o0718o
58313.37704,6.433,0.092,9697985,895670,10.827631828,c,262.66464,-21.55765,9265.7,10359.88,3.29,2.77,48.2,-0.401,19.26,21.11,02a58313o0013c
58337.32516,6.211,0.17,11905357,2025893,5.876597135,c,261.30928,-23.1867,2325.66,8656.75,2.88,2.69,-54.8,-0.386,19.36,21.29,02a58337o0195c
58347.3116,7.576,0.174,3385826,588357,5.754713549,o,262.18632,-23.80665,348.74,1408.29,4.08,3.18,-6.6,-0.387,18.7,20.34,01a58347o0076o
58415.26405,7.569,0.072,3406043,245774,13.858434984,o,284.09188,-25.63198,9924.94,6202.97,4.78,3.67,-83.4,-0.434,17.68,18.59,01a58415o0099o
58415.27055,7.51,0.031,3596275,110261,32.61602017,o,284.09479,-25.63184,374.81,6349.11,3.68,3.43,-84.8,-0.428,17.74,18.69,01a58415o0113o
58415.27195,7.66,0.065,3132724,203440,15.398761305,o,284.09542,-25.63181,9965.17,6243.9,4.94,3.68,-82.1,-0.404,17.6,18.48,01a58415o0116o
58431.24344,7.677,0.033,3084510,102791,30.007588212,o,291.56424,-25.08847,4168.58,4154.26,3.13,2.99,11,-0.453,18.82,20.12,01a58431o0097o
58433.20531,8.785,0.16,1111226,177970,6.243895038,c,292.51041,-24.99077,4879.32,4719.58,3.33,2.89,-65.5,-0.363,16.6,17.77,02a58433o0026c
58461.19434,9.022,0.097,893719,86822,10.293692842,c,306.37738,-22.86126,2824.24,3617.5,3.15,3.07,72.2,-0.384,17.7,18.83,02a58461o0022c
58461.20285,8.898,0.024,1001690,24136,41.501905866,c,306.38162,-22.8604,2851.22,3654.8,3.84,3.78,87.4,-0.362,18.4,19.96,02a58461o0040c
58693.52464,9.126,0.232,811757,188345,4.309947171,o,47.36845,10.39507,7739.99,5189.46,3.32,3.04,-11.1,-0.413,18.97,20.4,01a58693o0527o
58693.53476,8.763,0.046,1134909,52318,21.692515004,o,47.37143,10.3956,7775.77,5228.87,3.27,2.95,-10.3,-0.419,19.07,20.48,01a58693o0547o
58699.586,9.534,0.18,557757,100414,5.554574063,c,49.10978,10.67915,8175.5,6658.12,2.73,2.51,44.5,-0.386,19.57,21.32,02a58699o0632c
58703.50859,10.251,0.291,288248,83785,3.440329414,c,50.17105,10.83151,10197.5,6353.59,2.7,2.52,26.3,-0.401,19.53,21.3,02a58703o0550c
58703.52095,8.145,0.209,2004414,419034,4.783416142,c,50.17427,10.83197,10228.48,6392.33,2.79,2.59,-62.4,-0.404,19.6,21.37,02a58703o0574c
58709.51476,8.44,0.079,1527390,119914,12.737378454,o,51.68543,11.01733,3313.63,4285.01,3.32,2.88,-10.5,-0.43,17.76,18.61,01a58709o0585o
58712.62173,7.731,0.107,2935048,313071,9.375023556,o,52.41186,11.09098,1692.67,8753.41,3.21,3.08,-37.9,-0.461,17.23,18.14,01a58712o0842o
58874.32153,7.025,0.238,5625573,1340256,4.197386917,c,43.37621,11.36631,570.55,9281.95,2.47,2.08,-47.7,-0.434,19.68,21.39,02a58874o0268c
58877.25275,8.579,0.022,1343821,28979,46.372235066,o,43.84686,11.67482,487.12,5144.54,3.62,2.82,9.3,-0.329,18.86,20.39,01a58877o0111o
58883.33526,8.385,0.225,1606584,360990,4.450494473,o,44.96279,12.33536,7998.39,8651.61,3.22,3.04,-55.1,-0.366,18.31,19.05,02a58883o0295o
58883.34074,7.748,0.264,2888222,762953,3.785583122,o,44.96386,12.33596,8058.19,8733.04,2.91,2.71,-59.6,-0.399,18.39,19.01,02a58883o0306o
58889.2979,7.841,0.195,2652335,516070,5.139486891,o,46.22767,13.00343,643.72,263.78,3.66,3.15,40.1,-0.4,18.31,19.3,01a58889o0186o
58889.30127,7.711,0.254,2989080,758146,3.942617912,o,46.22841,13.0038,665.67,302.48,3.57,3.16,43.3,-0.418,18.34,19.29,01a58889o0193o
58911.25837,7.462,0.244,3760527,917007,4.100870549,o,52.12701,15.53174,8037.8,9396.87,2.52,2.17,-52.9,-0.428,18.93,19.43,02a58911o0077o
58931.24176,7.915,0.264,2476880,653972,3.78744044,c,58.8493,17.74843,1552.85,9102.06,2.43,2.13,-44.8,-0.441,19.29,20.63,02a58931o0053c
58947.24223,9.357,0.175,656300,114551,5.729325802,o,64.94029,19.34399,9700.24,4532.99,2.96,2.8,-67.1,-0.431,17.98,18.3,02a58947o0046o
58961.23257,9.607,0.222,521335,115481,4.514465583,o,70.67064,20.54646,3338.59,10219.67,3.17,3.04,1.6,-0.284,17.52,18.14,01a58961o0005o
58961.23536,8.784,0.076,1112948,84718,13.13709011,o,70.67181,20.54667,3360.98,10258.85,3.15,2.96,6.5,-0.372,17.97,18.68,01a58961o0011o
59181.55013,7.527,0.227,3541925,803296,4.40924018,o,165.52431,10.82556,10350.78,5783.97,2.77,2.7,74.8,-0.387,18.58,19.24,01a59181o0711o
59181.56349,7.688,0.219,3053161,669368,4.561259277,o,165.52818,10.8247,10385.68,5819.11,3.05,2.71,0.6,-0.347,18.65,19.34,01a59181o0740o
59208.60224,8.93,0.048,972674,46451,20.939786011,c,172.11357,9.79715,10271.95,4193.63,2.97,2.83,-67.3,-0.334,19.69,21.6,01a59208o0863c
59209.59461,8.393,0.101,1595314,161401,9.884164286,o,172.2942,9.79352,9867.93,4098.51,2.47,2.27,-81.3,-0.401,19.6,20.92,01a59209o0855o
59390.2617,7.507,0.235,3608258,849441,4.247802966,o,173.87175,10.4066,8546.55,9669.4,2.54,2,-52.4,-0.439,18.56,18.74,02a59390o0041o
59424.25432,9.066,0.089,857968,76122,11.270959775,c,186.06868,3.88054,993.76,8064.94,3.28,3.02,-66.7,-0.31,19.17,20.7,01a59424o0040c
59680.16399,8.714,0.059,1186559,70137,16.917732437,o,316.66498,-17.19977,10112.34,4870.45,2.66,2.13,-48.7,-0.343,18.89,19.61,03a59680o0915o
59680.1747,9.266,0.102,713672,72554,9.836425283,o,316.66962,-17.19886,10141.09,4911.75,2.88,2.3,-31.8,-0.328,17.59,17.34,03a59680o0938o
59714.59229,7.907,0.277,2494779,689986,3.615695101,o,330.00272,-14.54161,5663.69,9985.02,3.48,3.37,42.1,-0.406,18.24,19.02,01a59714o0779o
59714.59878,7.819,0.08,2706446,217575,12.439140526,o,330.00482,-14.54122,5640.55,9945.85,3.6,3.52,72.3,-0.387,18.22,19.06,01a59714o0793o
59730.59224,7.801,0.288,2752802,791594,3.47754278,o,334.75535,-13.79168,6448.29,3266.35,3.53,3.37,-13.8,-0.375,18.88,20.26,01a59730o0770o
59851.99914,7.802,0.207,2750196,568743,4.835568965,c,328.38242,-22.62864,7360.96,4086.25,2.82,2.61,-52.8,-0.375,16.53,18.37,03a59852o0121c
59895.81518,7.076,0.235,5364216,1261071,4.253698641,o,332.61596,-19.58288,1362.86,8224,3.01,2.6,-46.6,-0.387,16.48,17.82,03a59896o0123o
59948.79815,8.475,0.234,1478740,346492,4.267746441,o,348.84911,-11.60827,10418.67,3444.09,2.94,2.58,-63.1,-0.339,17.99,18.39,03a59949o0054o
59948.82316,8.754,0.056,1143449,64418,17.750457946,o,348.85814,-11.60385,323.43,3226.57,3.36,3.03,-69,-0.322,18.06,18.67,03a59949o0109o
59948.82361,8.252,0.051,1815877,91869,19.765938455,o,348.8583,-11.60377,10381.16,3422.63,3.2,2.88,-60.2,-0.338,17.88,18.43,03a59949o0110o
59964.04392,8.99,0.12,920712,110306,8.346889561,o,354.51727,-8.86393,10028.71,2632.4,3.33,2.45,-20.4,-0.401,17.09,18.21,04a59964o0048o
60153.60365,10.012,0.085,359017,30523,11.76217934,c,73.22929,18.10514,3902.87,4692.22,3.62,3.05,7.1,-0.374,18.71,20.41,02a60153o0758c
60153.61989,8.784,0.268,1112757,298758,3.724609884,c,73.23565,18.1059,3843.06,4611.87,3.31,2.57,7.3,-0.378,18.57,19.93,02a60153o0793c
60153.62846,8.541,0.242,1392217,337074,4.130300764,c,73.23901,18.10629,3823.3,4726.48,2.9,2.5,15.1,-0.4,17.3,18.36,02a60153o0809c
60171.60615,9.576,0.116,536495,62436,8.592718944,c,80.06668,18.7271,7848.78,9565.12,2.84,2.82,-12.6,-0.395,19.16,20.66,02a60171o0777c
60171.61258,7.349,0.164,4172206,682605,6.112182008,c,80.06899,18.72726,7869.39,9603.92,2.68,2.61,-38.1,-0.402,19.26,20.68,02a60171o0790c
60171.63489,9.495,0.298,578074,172529,3.350590335,c,80.07703,18.72784,7798.8,9643.86,2.73,2.69,1.5,-0.416,17.7,18.66,02a60171o0835c
60201.59872,9.026,0.063,890098,56030,15.886096733,c,89.82951,19.07175,7399.43,8807.34,3.01,2.29,-51.5,-0.446,19.41,20.96,02a60201o0771c
60201.60189,8.603,0.192,1314578,252042,5.21571008,c,89.83038,19.07176,7420.23,8848.06,3.13,2.29,-54.4,-0.448,19.43,20.97,02a60201o0778c
60216.29872,9.112,0.238,822944,195616,4.206936037,o,93.49688,19.04816,1447.5,9659.7,3.29,2.59,-71.1,-0.315,17.88,18.25,04a60216o0712o
60216.30188,9.537,0.292,555922,162450,3.422111418,o,93.49755,19.04815,1425.68,9621.74,3.22,2.49,-64.2,-0.336,17.82,18.27,04a60216o0719o
60218.30371,9.256,0.104,720505,74638,9.653326723,o,93.92274,19.04123,4739.66,5990.41,3.24,2.96,-66,-0.331,17.83,18.5,04a60218o0706o
60224.26692,8.144,0.092,2006584,184166,10.895518173,o,95.07014,19.02015,6673.91,9672.35,2.91,2.43,-71.4,-0.349,18.39,19.4,04a60224o0401o
60261.46623,8.575,0.049,1349014,66168,20.387710071,c,97.15541,19.22096,10084.12,7720.12,3.25,3.19,-45.2,-0.394,19.29,21.21,02a60261o0515c
60263.49324,7.907,0.015,2496630,36434,68.524729648,c,96.97556,19.26264,5661.87,2035.17,3.24,3.11,68.1,-0.374,19.14,21.02,02a60263o0663c
60263.49504,7.701,0.009,3017039,28618,105.424523027,c,96.97537,19.26269,5681.69,2074.38,2.94,2.85,60.1,-0.388,19.23,21.02,02a60263o0667c
60263.49821,8.046,0.058,2196306,126878,17.310376897,c,96.97504,19.26276,5626.68,1996.96,3,2.87,71.8,-0.392,19.28,21.02,02a60263o0674c
60263.50364,7.694,0.006,3036809,19733,153.894947549,c,96.97447,19.26288,5609.13,2113.74,3.3,3.17,79.1,-0.374,19.15,21.01,02a60263o0686c
60282.52217,7.471,0.066,3727711,245769,15.167539437,o,93.80664,19.83395,9716.55,8586.11,4.7,2.9,-82.7,-0.364,19.57,20.27,01a60282o0207o
60323.39685,7.249,0.036,4576355,163366,28.01289742,o,83.25834,21.55705,1752.55,4207.31,2.61,2.23,41.9,-0.401,19.56,20.85,01a60323o0427o
60334.43791,9.291,0.178,697596,124250,5.614454728,o,81.51545,22.01845,10009.67,5432.66,4.95,3.02,0.9,-0.329,17.62,18.52,02a60334o0519o
60393.29078,1.381,0.008,1017642183,8270379,123.046620112,o,87.52025,24.34817,10077.69,1526.65,3.08,2.19,-55.4,-0.476,18.5,19.02,02a60393o0163o
60394.28288,7.312,0.256,4317244,1106489,3.901750491,o,87.79953,24.37724,9028.72,8274.3,2.48,2.29,-59.7,-0.436,18.69,19.12,02a60394o0135o
60397.26203,6.296,0.093,11005292,1025494,10.731698088,o,88.66342,24.46024,5156.13,10218.56,2.58,2.21,-53,-0.442,19.06,20.05,02a60397o0088o
60399.31581,7.655,0.007,3146843,22541,139.605297014,o,89.27998,24.51341,4243.35,4020.18,2.44,2.21,39.9,-0.415,19.3,20.2,01a60399o0212o
60399.32345,7.603,0.006,3302573,19746,167.252760052,o,89.28228,24.51359,4226.29,4135.36,2.4,2.18,39.9,-0.416,19.28,20.18,01a60399o0228o
60431.24205,7.862,0.018,2601626,46675,55.739175147,o,100.68989,24.81579,708.43,3621.14,2.47,2.24,37.9,-0.388,19.02,19.72,01a60431o0015o
60431.24528,7.972,0.053,2350242,124826,18.828144777,o,100.69117,24.81576,733.97,3661.93,2.48,2.27,38.6,-0.389,19.12,19.8,01a60431o0022o
60432.23618,8.115,0.026,2061241,53308,38.666635401,o,101.08886,24.80663,9391.34,3736.75,2.64,2.6,-89.1,-0.397,18.42,18.78,01a60432o0025o
60432.24588,7.793,0.024,2770910,65655,42.204097174,o,101.09273,24.80652,9360.63,3700.4,2.6,2.47,-68.4,-0.413,18.94,19.67,01a60432o0046o
60433.24048,9.119,0.161,817693,131646,6.21130152,o,101.49401,24.79607,10355.63,6844.62,3.03,2.46,-60,-0.452,18.73,19.35,02a60433o0021o
60433.24365,6.535,0.162,8833642,1434285,6.158916812,o,101.49528,24.79603,10332.86,6804.89,2.79,2.22,-58.7,-0.481,18.9,19.59,02a60433o0028o
60433.25088,8.771,0.148,1126173,166141,6.778417127,o,101.49818,24.79594,10387.58,6884,2.96,2.31,-56.8,-0.472,18.95,19.71,02a60433o0044o
60434.27551,8.732,0.056,1166977,65850,17.721746393,o,101.91365,24.7838,1551.29,616.66,2.85,2.6,-53.7,-0.422,18.58,19.45,02a60434o0022o
60434.27867,8.505,0.054,1438834,77940,18.460790351,o,101.91493,24.78376,1529.15,577.5,3.17,2.87,-65.4,-0.418,18.42,19.43,02a60434o0029o
60434.29629,8.835,0.119,1061209,126057,8.418485288,o,101.92206,24.7835,1595.56,534.96,2.96,2.51,-52.7,-0.435,18.46,19.34,02a60434o0067o
60437.25276,9.552,0.191,548738,105066,5.222793291,o,103.13311,24.74097,6410.1,4951.71,2.09,1.92,37.3,-0.441,19.03,19.72,02a60437o0051o
60437.26461,8.873,0.112,1024762,114762,8.929454,o,103.13797,24.74076,6421.96,4834.85,2.01,1.97,-26.3,-0.436,19.06,19.76,02a60437o0077o
60656.64045,8.872,0.078,1025847,79919,12.836084035,o,201.48694,-2.51302,9772.47,3766.22,3.66,2.69,-1.2,-0.38,18.74,20.04,02a60656o0994o
60656.65372,7.526,0.227,3544545,805476,4.40055942,o,201.49235,-2.51475,9727.34,3693.18,3.09,2.65,-8.3,-0.403,18.83,19.97,02a60656o1023o
60700.57601,7.906,0.24,2497628,599978,4.162865971,c,218.04465,-6.75731,7206.9,8017.54,2.93,2.76,39.5,-0.383,19.35,21.13,02a60700o0810c
60700.58041,8.147,0.29,2001601,581196,3.443934576,c,218.04607,-6.75757,7130.6,8056.39,2.83,2.64,39,-0.389,19.38,21.12,02a60700o0819c
60714.61335,7.907,0.217,2496653,541437,4.61116067,o,222.2658,-7.36781,2837.82,5402.85,4.12,3.37,17.1,-0.335,19.11,20.98,01a60714o0853o
